MUTATION,DeltaG_tool1,DeltaG_tool2,DeltaG_avg
A34.A{C},-1.604,0.628281418095,-0.4878592909525
A34.A{D},-2.372,3.03068629623,0.329343148115
A34.A{E},-2.186,2.53414627934,0.17407313966999993
A34.A{F},-0.896,0.820524782968,-0.037737608516
A34.A{G},-1.587,2.72018091852,0.5665904592600001
A34.A{H},-2.144,2.88940558061,0.372702790305
A34.A{I},0.21,-0.209121125396,0.0004394373019999953
A34.A{K},-1.408,2.27638579661,0.4341928983050001
A34.A{L},0.21,-0.631495399068,-0.21074769953400002
A34.A{M},-0.095,-0.324583661212,-0.20979183060599998
A34.A{N},-1.724,3.01720540048,0.64660270024
A34.A{P},-0.18,3.15903494635,1.4895174731749998
A34.A{Q},-1.53,1.60519480115,0.03759740057499994
A34.A{R},-1.497,2.45469019511,0.47884509755499993
A34.A{S},-2.171,2.98890312095,0.40895156047500003
A34.A{T},-1.838,2.65815848349,0.4100792417449999
A34.A{V},-0.18,0.585263971019,0.20263198550949998
A34.A{W},-1.648,1.4636444194,-0.09217779029999995
A34.A{Y},-1.082,1.54515530123,0.2315776506149999
D36.A{A},-0.483,-0.406648152015,-0.44482407600749996
D36.A{C},0.014,-0.384322065942,-0.185161032971
D36.A{E},-0.394,-1.06988085628,-0.7319404281399999
D36.A{F},-0.478,-0.500492008504,-0.489246004252
D36.A{G},-0.691,-0.527609032009,-0.6093045160045
D36.A{H},-0.478,-0.0063807416686,-0.24219037083429998
D36.A{I},0.024,-0.611512563882,-0.293756281941
D36.A{K},0.053,-1.23780311191,-0.592401555955
D36.A{L},0.024,-0.765295309054,-0.370647654527
D36.A{M},0.341,-0.655188496453,-0.1570942482265
D36.A{N},-0.197,-1.07200390137,-0.634501950685
D36.A{P},-0.123,-0.510520948468,-0.316760474234
D36.A{Q},-0.145,-1.13683259303,-0.640916296515
D36.A{R},0.174,-1.16294691944,-0.49447345972
D36.A{S},-0.314,-0.816312733407,-0.5651563667035
D36.A{T},-0.152,-0.307072896134,-0.22953644806700002
D36.A{V},-0.123,-0.292750352349,-0.2078751761745
D36.A{W},-0.355,-0.820344539895,-0.5876722699475
D36.A{Y},-0.265,-0.178223722614,-0.221611861307
D40.A{A},-0.306,0.702198836584,0.19809941829199998
D40.A{C},-0.039,-0.747496067982,-0.393248033991
D40.A{E},-0.437,-0.340221951139,-0.3886109755695
D40.A{F},0.036,-0.813729951958,-0.388864975979
D40.A{G},-0.604,0.266840858818,-0.16857957059099998
D40.A{H},-0.109,-0.38388476079,-0.246442380395
D40.A{I},0.457,-0.830195944068,-0.186597972034
D40.A{K},0.112,0.364563037098,0.23828151854899998
D40.A{L},0.457,-0.811797615271,-0.1773988076355
D40.A{M},0.685,-1.10486601217,-0.20993300608499998
D40.A{N},-0.341,0.326107716149,-0.007446141925499999
D40.A{P},0.228,0.244373325567,0.2361866627835
D40.A{Q},-0.222,-0.103290630393,-0.1626453151965
D40.A{R},0.27,0.16180822898,0.21590411449000002
D40.A{S},-0.493,0.555081456578,0.031040728289000008
D40.A{T},-0.245,0.354080869759,0.0545404348795
D40.A{V},0.228,-0.593934323217,-0.18296716160850002
D40.A{W},0.222,-0.726846152833,-0.2524230764165
D40.A{Y},0.292,-0.941771366582,-0.324885683291
F30.A{A},-2.226,2.66869785278,0.22134892638999992
F30.A{C},-0.856,1.8500032274,0.4970016137
F30.A{D},-2.931,3.79334845651,0.43117422825499996
F30.A{E},-2.674,3.03392345361,0.179961726805
F30.A{G},-2.693,4.0979199784,0.7024599892000001
F30.A{H},-2.052,2.71005228955,0.32902614477500003
F30.A{I},-0.685,0.555645586948,-0.06467720652600001
F30.A{K},-1.489,3.00462236379,0.7578111818949999
F30.A{L},-0.685,-0.0197582352572,-0.3523791176286
F30.A{M},-0.447,0.521587187588,0.03729359379400002
F30.A{N},-2.18,3.37728782743,0.5986439137149999
F30.A{P},-1.215,3.41491733007,1.099958665035
F30.A{Q},-1.895,1.42093063229,-0.23703468385500004
F30.A{R},-1.634,2.31808225785,0.34204112892500005
F30.A{S},-2.557,3.47921741526,0.46110870763
F30.A{T},-2.169,3.09127641731,0.461138208655
F30.A{V},-1.215,1.23174839017,0.008374195084999925
F30.A{W},-0.08,0.43251721065,0.17625860532499998
F30.A{Y},-0.494,0.827251031745,0.16662551587250002
G38.A{A},-0.237,0.866633349566,0.314816674783
G38.A{C},-0.787,0.367336965879,-0.20983151706050002
G38.A{D},-0.737,0.844196056283,0.0535980281415
G38.A{E},-0.911,-0.0513306621723,-0.48116533108615
G38.A{F},-1.077,0.518407895037,-0.27929605248149997
G38.A{H},-0.548,0.576543496114,0.014271748056999989
G38.A{I},-0.411,0.814309176623,0.2016545883115
G38.A{K},-0.774,0.447481339582,-0.16325933020900002
G38.A{L},-0.411,0.182452189446,-0.11427390527699999
G38.A{M},-0.344,0.163265030587,-0.09036748470649998
G38.A{N},-0.387,0.129046635177,-0.1289766824115
G38.A{P},-0.321,0.0378512840993,-0.14157435795035
G38.A{Q},-0.711,-0.382659394841,-0.5468296974205
G38.A{R},-0.306,0.64445549563,0.16922774781500002
G38.A{S},-0.489,0.237271208858,-0.125864395571
G38.A{T},-0.601,1.29534697027,0.347173485135
G38.A{V},-0.321,0.521969478848,0.10048473942400002
G38.A{W},-1.232,0.634295543173,-0.2988522284135
G38.A{Y},-0.873,0.709428462543,-0.08178576872850002
K31.A{A},-0.781,-0.174739601865,-0.47786980093250003
K31.A{C},-0.673,0.0501105680272,-0.3114447159864
K31.A{D},-0.72,0.950402174285,0.11520108714249999
K31.A{E},-0.565,-0.498199577351,-0.5315997886755
K31.A{F},-0.445,-0.679732151772,-0.562366075886
K31.A{G},-1.2,0.954210204793,-0.12289489760349998
K31.A{H},-1.753,0.0558470187807,-0.8485764906096499
K31.A{I},0.338,-0.475640472491,-0.06882023624549999
K31.A{L},0.338,-1.04602012025,-0.3540100601249999
K31.A{M},0.347,-1.08416831289,-0.368584156445
K31.A{N},-0.863,0.985275638051,0.06113781902550003
K31.A{P},-0.006,1.31029781003,0.652148905015
K31.A{Q},-0.822,-0.910690438861,-0.8663452194304999
K31.A{R},-0.908,-0.764441224491,-0.8362206122455
K31.A{S},-1.428,0.660266798136,-0.383866600932
K31.A{T},-1.043,0.524195552416,-0.25940222379199995
K31.A{V},-0.006,0.0550902799977,0.02454513999885
K31.A{W},-0.409,-0.581697148838,-0.49534857441900004
K31.A{Y},-0.076,-0.240152014968,-0.158076007484
N37.A{A},-0.694,0.0242307064599,-0.33488464677005
N37.A{C},0.142,-0.44759871226,-0.15279935613
N37.A{D},0.115,0.906717013072,0.5108585065360001
N37.A{E},0.149,-0.415242223833,-0.1331211119165
N37.A{F},-0.881,-0.897327850824,-0.8891639254120001
N37.A{G},-0.942,0.714431250874,-0.113784374563
N37.A{H},-0.84,0.210363927462,-0.31481803626899996
N37.A{I},-0.104,-0.952592130801,-0.5282960654005
N37.A{K},0.027,-0.400440611318,-0.186720305659
N37.A{L},-0.104,-1.06673180115,-0.585365900575
N37.A{M},0.27,-0.983789971969,-0.3568949859845
N37.A{P},-0.272,0.542226789911,0.1351133949555
N37.A{Q},-0.497,-0.569183638209,-0.5330918191045
N37.A{R},0.01,-0.768146692193,-0.3790733460965
N37.A{S},-0.473,0.287692083366,-0.09265395831699999
N37.A{T},-0.252,0.122760863077,-0.0646195684615
N37.A{V},-0.272,-0.781670091384,-0.526835045692
N37.A{W},-0.752,-0.0847512091034,-0.4183756045517
N37.A{Y},-0.513,-0.352487025394,-0.432743512697
Q32.A{A},-0.329,0.0641519288672,-0.1324240355664
Q32.A{C},0.327,0.601217495543,0.4641087477715
Q32.A{D},-0.248,0.618346118539,0.1851730592695
Q32.A{E},-0.239,0.22120350961,-0.008898245195000001
Q32.A{F},-0.375,0.325808762032,-0.024595618984000006
Q32.A{G},-0.593,0.773760510609,0.0903802553045
Q32.A{H},-0.682,0.929523940332,0.12376197016599999
Q32.A{I},0.298,0.128944061853,0.2134720309265
Q32.A{K},-0.131,0.195571709599,0.0322858547995
Q32.A{L},0.298,-0.0319531073037,0.13302344634815
Q32.A{M},0.779,-0.0122451588533,0.38337742057335
Q32.A{N},-0.483,0.252873935126,-0.115063032437
Q32.A{P},0.12,1.0230054807,0.5715027403499999
Q32.A{R},-0.06,0.232592350459,0.0862961752295
Q32.A{S},-0.474,0.429036381237,-0.02248180938149999
Q32.A{T},-0.295,0.884302786851,0.29465139342549995
Q32.A{V},0.12,0.692742085173,0.4063710425865
Q32.A{W},-0.343,0.777301939359,0.2171509696795
Q32.A{Y},-0.102,0.421584359411,0.1597921797055
V39.A{A},-1.568,2.14787689722,0.28993844861000007
V39.A{C},-1.722,0.817230396391,-0.45238480180449997
V39.A{D},-2.08,2.98481852026,0.45240926013000005
V39.A{E},-2.055,3.22123332168,0.58311666084
V39.A{F},-1.401,1.48467360412,0.041836802059999956
V39.A{G},-1.899,3.28002378514,0.69051189257
V39.A{H},-1.476,2.5886888828,0.5563444414000001
V39.A{I},-0.739,1.10302638753,0.18201319376499997
V39.A{K},-1.319,2.81953309739,0.750266548695
V39.A{L},-0.739,1.36071170243,0.310855851215
V39.A{M},-0.766,1.07890144044,0.15645072021999995
V39.A{N},-1.326,3.10767644001,0.890838220005
V39.A{P},-0.983,2.7351949383,0.8760974691499999
V39.A{Q},-1.516,2.86707293323,0.6755364666149999
V39.A{R},-0.858,2.65945542431,0.9007277121549999
V39.A{S},-1.856,3.21513764168,0.67956882084
V39.A{T},-1.714,2.32279993744,0.3043999687200001
V39.A{W},-1.612,1.97975012671,0.18387506335499992
V39.A{Y},-1.268,1.74531185732,0.23865592865999996
W43.A{A},-2.826,1.37177032228,-0.7271148388600001
W43.A{C},-1.562,1.09865740333,-0.231671298335
W43.A{D},-1.429,2.85940437139,0.715202185695
W43.A{E},-1.326,2.60662658822,0.64031329411
W43.A{F},-1.642,0.150791864623,-0.7456040676885
W43.A{G},-3.059,2.78169328486,-0.1386533575700002
W43.A{H},-1.534,0.684872413604,-0.42456379319800003
W43.A{I},-1.99,0.186821788259,-0.9015891058705
W43.A{K},-1.788,1.02392365284,-0.38203817358000003
W43.A{L},-1.99,0.104769033,-0.9426154835
W43.A{M},-1.598,0.478382514125,-0.5598087429375
W43.A{N},-2.2,2.66858264873,0.234291324365
W43.A{P},-2.287,1.88022810354,-0.20338594823
W43.A{Q},-2.08,1.72511803759,-0.17744098120500007
W43.A{R},-1.394,0.140092186399,-0.6269539068004999
W43.A{S},-2.678,1.99668393781,-0.3406580310949999
W43.A{T},-2.526,1.8078109039,-0.35909454804999985
W43.A{V},-2.287,0.778291928669,-0.7543540356655
W43.A{Y},-1.517,0.195163122278,-0.660918438861
Y33.A{A},-1.724,0.65637258058,-0.53381370971
Y33.A{C},-0.704,0.60381530189,-0.050092349054999985
Y33.A{D},0.037,1.34647233643,0.691736168215
Y33.A{E},0.108,0.127277702256,0.11763885112799999
Y33.A{F},-0.739,-0.481743184811,-0.6103715924055
Y33.A{G},-2.034,0.502793851722,-0.7656030741389999
Y33.A{H},-0.725,1.34008778121,0.30754389060500004
Y33.A{I},-0.817,-0.319030667641,-0.5680153338205
Y33.A{K},-0.73,0.065536434382,-0.332231782809
Y33.A{L},-0.817,-0.637710766121,-0.7273553830605
Y33.A{M},-0.562,-0.671341914204,-0.616670957102
Y33.A{N},-0.999,1.10075236443,0.050876182214999954
Y33.A{P},-1.11,1.52741054628,0.20870527313999998
Y33.A{Q},-0.868,-0.534199772634,-0.7010998863169999
Y33.A{R},-0.446,-0.492075466022,-0.469037733011
Y33.A{S},-1.588,0.885491073414,-0.35125446329300003
Y33.A{T},-1.411,1.01532713092,-0.19783643454
Y33.A{V},-1.11,0.693548311599,-0.20822584420050005
Y33.A{W},-0.523,-0.530568713603,-0.5267843568015
