substitution;ddG_pred;c_pred
F30.A{A};2.66869785278;0.804195051776
F30.A{C};1.8500032274;0.924055491735
F30.A{D};3.79334845651;0.853115289053
F30.A{E};3.03392345361;0.847926482331
F30.A{G};4.0979199784;0.831205149246
F30.A{H};2.71005228955;0.815865809544
F30.A{I};0.555645586948;0.8286018053
F30.A{K};3.00462236379;0.847850227911
F30.A{L};-0.0197582352572;0.877331599032
F30.A{M};0.521587187588;0.898579934622
F30.A{N};3.37728782743;0.851062411923
F30.A{P};3.41491733007;0.855805877216
F30.A{Q};1.42093063229;0.912955609546
F30.A{R};2.31808225785;0.858646783602
F30.A{S};3.47921741526;0.878484198953
F30.A{T};3.09127641731;0.838675768546
F30.A{V};1.23174839017;0.848237618569
F30.A{W};0.43251721065;0.900438818007
F30.A{Y};0.827251031745;0.916187228425
K31.A{A};-0.174739601865;0.887639656077
K31.A{C};0.0501105680272;0.880164616515
K31.A{D};0.950402174285;0.898755469947
K31.A{E};-0.498199577351;0.867260721041
K31.A{F};-0.679732151772;0.839948776753
K31.A{G};0.954210204793;0.899826862477
K31.A{H};0.0558470187807;0.874184628637
K31.A{I};-0.475640472491;0.821562093593
K31.A{L};-1.04602012025;0.781026772129
K31.A{M};-1.08416831289;0.775747864938
K31.A{N};0.985275638051;0.877873753166
K31.A{P};1.31029781003;0.881849806235
K31.A{Q};-0.910690438861;0.896180604256
K31.A{R};-0.764441224491;0.861853924008
K31.A{S};0.660266798136;0.918029416421
K31.A{T};0.524195552416;0.901889877378
K31.A{V};0.0550902799977;0.90283501643
K31.A{W};-0.581697148838;0.884250049517
K31.A{Y};-0.240152014968;0.907378200323
Q32.A{A};0.0641519288672;0.907052132597
Q32.A{C};0.601217495543;0.887954301185
Q32.A{D};0.618346118539;0.88069053952
Q32.A{E};0.22120350961;0.85368993754
Q32.A{F};0.325808762032;0.880625425031
Q32.A{G};0.773760510609;0.897403482222
Q32.A{H};0.929523940332;0.869974847174
Q32.A{I};0.128944061853;0.912338392003
Q32.A{K};0.195571709599;0.917510484652
Q32.A{L};-0.0319531073037;0.898635565645
Q32.A{M};-0.0122451588533;0.896240322271
Q32.A{N};0.252873935126;0.921711501056
Q32.A{P};1.0230054807;0.88996562281
Q32.A{R};0.232592350459;0.909276751984
Q32.A{S};0.429036381237;0.91013900603
Q32.A{T};0.884302786851;0.897401951931
Q32.A{V};0.692742085173;0.886864122593
Q32.A{W};0.777301939359;0.84901403333
Q32.A{Y};0.421584359411;0.866824052657
Y33.A{A};0.65637258058;0.896315194548
Y33.A{C};0.60381530189;0.92791376059
Y33.A{D};1.34647233643;0.866806643261
Y33.A{E};0.127277702256;0.943836251121
Y33.A{F};-0.481743184811;0.888869045771
Y33.A{G};0.502793851722;0.807421068793
Y33.A{H};1.34008778121;0.860536406996
Y33.A{I};-0.319030667641;0.870501693468
Y33.A{K};0.065536434382;0.903099326147
Y33.A{L};-0.637710766121;0.808418452654
Y33.A{M};-0.671341914204;0.867753478711
Y33.A{N};1.10075236443;0.872255299808
Y33.A{P};1.52741054628;0.854188332662
Y33.A{Q};-0.534199772634;0.886610693029
Y33.A{R};-0.492075466022;0.925249714239
Y33.A{S};0.885491073414;0.841944137428
Y33.A{T};1.01532713092;0.890860735907
Y33.A{V};0.693548311599;0.906845333274
Y33.A{W};-0.530568713603;0.887414004617
A34.A{C};0.628281418095;0.83715766774
A34.A{D};3.03068629623;0.875995325959
A34.A{E};2.53414627934;0.880436918726
A34.A{F};0.820524782968;0.817102972277
A34.A{G};2.72018091852;0.822007602632
A34.A{H};2.88940558061;0.871203404211
A34.A{I};-0.209121125396;0.884908237119
A34.A{K};2.27638579661;0.847057741543
A34.A{L};-0.631495399068;0.890654517268
A34.A{M};-0.324583661212;0.879712110215
A34.A{N};3.01720540048;0.808782955451
A34.A{P};3.15903494635;0.832863690253
A34.A{Q};1.60519480115;0.861594211807
A34.A{R};2.45469019511;0.821692882266
A34.A{S};2.98890312095;0.802348482784
A34.A{T};2.65815848349;0.851986158681
A34.A{V};0.585263971019;0.81748900749
A34.A{W};1.4636444194;0.808482025331
A34.A{Y};1.54515530123;0.814242228892
D36.A{A};-0.406648152015;0.918026377263
D36.A{C};-0.384322065942;0.929581917627
D36.A{E};-1.06988085628;0.840508962674
D36.A{F};-0.500492008504;0.926248215789
D36.A{G};-0.527609032009;0.931249783656
D36.A{H};-0.0063807416686;0.917083857151
D36.A{I};-0.611512563882;0.917463726113
D36.A{K};-1.23780311191;0.932655243253
D36.A{L};-0.765295309054;0.920284977625
D36.A{M};-0.655188496453;0.913121870027
D36.A{N};-1.07200390137;0.933535494748
D36.A{P};-0.510520948468;0.960661427339
D36.A{Q};-1.13683259303;0.891739728481
D36.A{R};-1.16294691944;0.929862982742
D36.A{S};-0.816312733407;0.961637214317
D36.A{T};-0.307072896134;0.956258826549
D36.A{V};-0.292750352349;0.933952994327
D36.A{W};-0.820344539895;0.91014112275
D36.A{Y};-0.178223722614;0.929809906143
N37.A{A};0.0242307064599;0.880531355629
N37.A{C};-0.44759871226;0.933476512786
N37.A{D};0.906717013072;0.89604086467
N37.A{E};-0.415242223833;0.933289107842
N37.A{F};-0.897327850824;0.919887855573
N37.A{G};0.714431250874;0.894245955259
N37.A{H};0.210363927462;0.945597691291
N37.A{I};-0.952592130801;0.940148653025
N37.A{K};-0.400440611318;0.964137520623
N37.A{L};-1.06673180115;0.852039886319
N37.A{M};-0.983789971969;0.9089342794
N37.A{P};0.542226789911;0.912450865482
N37.A{Q};-0.569183638209;0.913026444813
N37.A{R};-0.768146692193;0.954294833215
N37.A{S};0.287692083366;0.902548369177
N37.A{T};0.122760863077;0.927732739038
N37.A{V};-0.781670091384;0.944861190651
N37.A{W};-0.0847512091034;0.931659828621
N37.A{Y};-0.352487025394;0.957973222301
G38.A{A};0.866633349566;0.900556807804
G38.A{C};0.367336965879;0.874574273855
G38.A{D};0.844196056283;0.849795580861
G38.A{E};-0.0513306621723;0.974626961785
G38.A{F};0.518407895037;0.862300935559
G38.A{H};0.576543496114;0.884023827467
G38.A{I};0.814309176623;0.86132028866
G38.A{K};0.447481339582;0.822221586884
G38.A{L};0.182452189446;0.916132406924
G38.A{M};0.163265030587;0.912197157438
G38.A{N};0.129046635177;0.943736184987
G38.A{P};0.0378512840993;0.955968863223
G38.A{Q};-0.382659394841;0.962293436801
G38.A{R};0.64445549563;0.810817136021
G38.A{S};0.237271208858;0.977245570555
G38.A{T};1.29534697027;0.855320601066
G38.A{V};0.521969478848;0.87096891219
G38.A{W};0.634295543173;0.865716599637
G38.A{Y};0.709428462543;0.868420455831
V39.A{A};2.14787689722;0.84696678098
V39.A{C};0.817230396391;0.919571785885
V39.A{D};2.98481852026;0.871734689254
V39.A{E};3.22123332168;0.82796445989
V39.A{F};1.48467360412;0.856640080632
V39.A{G};3.28002378514;0.814379370755
V39.A{H};2.5886888828;0.850941792479
V39.A{I};1.10302638753;0.914037784557
V39.A{K};2.81953309739;0.83895200486
V39.A{L};1.36071170243;0.900814811441
V39.A{M};1.07890144044;0.905990822588
V39.A{N};3.10767644001;0.838733622963
V39.A{P};2.7351949383;0.871721236785
V39.A{Q};2.86707293323;0.842457618278
V39.A{R};2.65945542431;0.876405833459
V39.A{S};3.21513764168;0.858996122095
V39.A{T};2.32279993744;0.879148733392
V39.A{W};1.97975012671;0.819124631132
V39.A{Y};1.74531185732;0.834654619467
D40.A{A};0.702198836584;0.848973034616
D40.A{C};-0.747496067982;0.926692493213
D40.A{E};-0.340221951139;0.926893594717
D40.A{F};-0.813729951958;0.92985086351
D40.A{G};0.266840858818;0.884376363969
D40.A{H};-0.38388476079;0.946307383515
D40.A{I};-0.830195944068;0.941986552778
D40.A{K};0.364563037098;0.852472505049
D40.A{L};-0.811797615271;0.944471362884
D40.A{M};-1.10486601217;0.908840219891
D40.A{N};0.326107716149;0.884535750927
D40.A{P};0.244373325567;0.920335281753
D40.A{Q};-0.103290630393;0.91032279928
D40.A{R};0.16180822898;0.911229094307
D40.A{S};0.555081456578;0.893744105689
D40.A{T};0.354080869759;0.850742729722
D40.A{V};-0.593934323217;0.933738780413
D40.A{W};-0.726846152833;0.952422473527
D40.A{Y};-0.941771366582;0.918311988172
W43.A{A};1.37177032228;0.852267757289
W43.A{C};1.09865740333;0.892279794572
W43.A{D};2.85940437139;0.823325844348
W43.A{E};2.60662658822;0.83735168505
W43.A{F};0.150791864623;0.899991943052
W43.A{G};2.78169328486;0.794249729701
W43.A{H};0.684872413604;0.867932287638
W43.A{I};0.186821788259;0.869999765479
W43.A{K};1.02392365284;0.837358698972
W43.A{L};0.104769033;0.871717369008
W43.A{M};0.478382514125;0.900807135841
W43.A{N};2.66858264873;0.743767945927
W43.A{P};1.88022810354;0.744577242269
W43.A{Q};1.72511803759;0.764358398896
W43.A{R};0.140092186399;0.836384181831
W43.A{S};1.99668393781;0.726854453382
W43.A{T};1.8078109039;0.823345195062
W43.A{V};0.778291928669;0.886216320426
W43.A{Y};0.195163122278;0.936689828537
