MUTATION,DeltaG_tool1,DeltaG_tool2,DeltaG_tool3,DeltaG_avg,ddG_tool4
F30.A{A},-2.226,2.66869785278,2.2223,0.8883326175933334,
F30.A{D},-2.931,3.79334845651,3.267,1.3764494855033331,
F30.A{E},-2.674,3.03392345361,3.1714,1.17710781787,
F30.A{G},-2.693,4.0979199784,2.5743,1.3264066594666668,
F30.A{H},-2.052,2.71005228955,2.9038,1.1872840965166669,
F30.A{I},-0.685,0.555645586948,1.5029,0.4578485289826666,
F30.A{K},-1.489,3.00462236379,3.0143,1.5099741212633333,
F30.A{L},-0.685,-0.0197582352572,1.4425,0.2459139215809332,
F30.A{M},-0.447,0.521587187588,1.3217,0.4654290625293333,1.8153061224489795
F30.A{N},-2.18,3.37728782743,2.7484,1.31522927581,
F30.A{P},-1.215,3.41491733007,3.0479,1.7492724433566664,
F30.A{Q},-1.895,1.42093063229,3.0327,0.85287687743,
F30.A{R},-1.634,2.31808225785,2.832,1.172027419283333,
F30.A{S},-2.557,3.47921741526,2.5637,1.1619724717533333,
F30.A{T},-2.169,3.09127641731,2.4657,1.1293254724366666,
F30.A{V},-1.215,1.23174839017,1.5377,0.51814946339,
F30.A{W},-0.08,0.43251721065,1.9799,0.77747240355,
F30.A{Y},-0.494,0.827251031745,1.8571,0.7301170105816667,3.404081632653061
K31.A{A},-0.781,-0.174739601865,0.512,-0.1479132006216666,
K31.A{D},-0.72,0.950402174285,1.7505,0.6603007247616667,
K31.A{E},-0.565,-0.498199577351,0.9853,-0.0259665257836666,
K31.A{F},-0.445,-0.679732151772,0.9445,-0.0600773839239999,
K31.A{G},-1.2,0.954210204793,1.397,0.3837367349310001,
K31.A{H},-1.753,0.0558470187807,0.8553,-0.2806176604064332,
K31.A{I},0.338,-0.475640472491,0.7545,0.205619842503,
K31.A{L},0.338,-1.04602012025,0.6127,-0.0317733734166666,
K31.A{M},0.347,-1.08416831289,0.4981,-0.0796894376299999,
K31.A{N},-0.863,0.985275638051,1.2836,0.4686252126836667,
K31.A{P},-0.006,1.31029781003,2.5074,1.2705659366766666,104.62687074829932
K31.A{Q},-0.822,-0.910690438861,0.277,-0.4852301462869999,-0.09829931972789115
K31.A{R},-0.908,-0.764441224491,0.0313,-0.5470470748303333,0.18435374149659867
K31.A{S},-1.428,0.660266798136,1.0189,0.0837222660453333,
K31.A{T},-1.043,0.524195552416,1.1245,0.201898517472,
K31.A{V},-0.006,0.0550902799977,0.9583,0.3357967599992333,
K31.A{W},-0.409,-0.581697148838,0.7361,-0.0848657162793333,
K31.A{Y},-0.076,-0.240152014968,0.8609,0.1815826616773333,
Q32.A{A},-0.329,0.0641519288672,0.0382,-0.0755493570442666,
Q32.A{D},-0.248,0.618346118539,0.4585,0.276282039513,
Q32.A{E},-0.239,0.22120350961,0.2218,0.06800116987,
Q32.A{F},-0.375,0.325808762032,0.2148,0.0552029206773333,
Q32.A{G},-0.593,0.773760510609,0.674,0.284920170203,
Q32.A{H},-0.682,0.929523940332,0.2515,0.166341313444,
Q32.A{I},0.298,0.128944061853,0.1194,0.1821146872843333,
Q32.A{K},-0.131,0.195571709599,0.0167,0.0270905698663333,
Q32.A{L},0.298,-0.0319531073037,0.113,0.1263489642321,
Q32.A{M},0.779,-0.0122451588533,0.0071,0.2579516137155667,
Q32.A{N},-0.483,0.252873935126,0.4059,0.0585913117086666,
Q32.A{P},0.12,1.0230054807,2.0257,1.0562351602333333,79.95238095238095
Q32.A{R},-0.06,0.232592350459,-0.0259,0.048897450153,
Q32.A{S},-0.474,0.429036381237,0.262,0.0723454604123333,
Q32.A{T},-0.295,0.884302786851,0.3499,0.313067595617,
Q32.A{V},0.12,0.692742085173,0.2545,0.3557473617243333,
Q32.A{W},-0.343,0.777301939359,0.088,0.174100646453,
Q32.A{Y},-0.102,0.421584359411,0.1807,0.166761453137,
Y33.A{A},-1.724,0.65637258058,1.4267,0.1196908601933333,
Y33.A{D},0.037,1.34647233643,2.4615,1.2816574454766665,2.201360544217687
Y33.A{E},0.108,0.127277702256,2.012,0.7490925674186667,
Y33.A{F},-0.739,-0.481743184811,0.115,-0.3685810616036666,
Y33.A{G},-2.034,0.502793851722,2.2348,0.2345312839073333,
Y33.A{H},-0.725,1.34008778121,1.22,0.61169592707,
Y33.A{I},-0.817,-0.319030667641,0.4038,-0.2440768892136666,
Y33.A{K},-0.73,0.065536434382,1.4271,0.254212144794,
Y33.A{L},-0.817,-0.637710766121,0.6714,-0.2611035887069999,
Y33.A{M},-0.562,-0.671341914204,0.777,-0.1521139714013333,
Y33.A{N},-0.999,1.10075236443,1.9838,0.6951841214766666,
Y33.A{P},-1.11,1.52741054628,2.5113,0.9762368487599998,
Y33.A{Q},-0.868,-0.534199772634,1.5762,0.0580000757886667,
Y33.A{R},-0.446,-0.492075466022,1.308,0.1233081779926666,
Y33.A{S},-1.588,0.885491073414,1.9491,0.4155303578046667,
Y33.A{T},-1.411,1.01532713092,1.7599,0.4547423769733333,
Y33.A{V},-1.11,0.693548311599,0.7652,0.1162494371996666,
Y33.A{W},-0.523,-0.530568713603,0.1851,-0.289489571201,13.805442176870748
A34.A{D},-2.372,3.03068629623,2.7922,1.1502954320766663,
A34.A{E},-2.186,2.53414627934,2.568,0.97204875978,
A34.A{F},-0.896,0.820524782968,1.1833,0.369274927656,
A34.A{G},-1.587,2.72018091852,1.7858,0.9729936395066666,
A34.A{H},-2.144,2.88940558061,2.0485,0.9313018602033334,
A34.A{I},0.21,-0.209121125396,0.4379,0.146259624868,
A34.A{K},-1.408,2.27638579661,2.1013,0.9898952655366668,
A34.A{L},0.21,-0.631495399068,0.4216,3.486697733331064e-05,
A34.A{M},-0.095,-0.324583661212,0.5418,0.0407387795959999,
A34.A{N},-1.724,3.01720540048,2.2349,1.1760351334933334,
A34.A{P},-0.18,3.15903494635,2.4913,1.8234449821166665,85.70136054421768
A34.A{Q},-1.53,1.60519480115,2.064,0.7130649337166667,
A34.A{R},-1.497,2.45469019511,2.003,0.9868967317033333,
A34.A{S},-2.171,2.98890312095,1.0855,0.6344677069833333,
A34.A{T},-1.838,2.65815848349,0.5475,0.4558861611633332,
A34.A{V},-0.18,0.585263971019,0.1214,0.1755546570063333,
A34.A{W},-1.648,1.4636444194,1.5787,0.4647814731333333,
A34.A{Y},-1.082,1.54515530123,1.3766,0.6132517670766666,
D36.A{A},-0.483,-0.406648152015,-0.3682,-0.4192827173383333,
D36.A{E},-0.394,-1.06988085628,-0.2228,-0.5622269520933333,
D36.A{F},-0.478,-0.500492008504,-0.1761,-0.3848640028346666,
D36.A{G},-0.691,-0.527609032009,0.176,-0.347536344003,0.7316326530612244
D36.A{H},-0.478,-0.0063807416686,-0.2,-0.2281269138895333,
D36.A{I},0.024,-0.611512563882,-0.2948,-0.2941041879606667,
D36.A{K},0.053,-1.23780311191,-0.4566,-0.5471343706366666,
D36.A{L},0.024,-0.765295309054,-0.3649,-0.3687317696846666,
D36.A{M},0.341,-0.655188496453,-0.3906,-0.2349294988176666,
D36.A{N},-0.197,-1.07200390137,-0.117,-0.4620013004566667,
D36.A{P},-0.123,-0.510520948468,1.4896,0.285359683844,
D36.A{Q},-0.145,-1.13683259303,-0.3858,-0.55587753101,
D36.A{R},0.174,-1.16294691944,-0.5006,-0.4965156398133333,-0.3238095238095238
D36.A{S},-0.314,-0.816312733407,-0.1952,-0.4418375778023333,
D36.A{T},-0.152,-0.307072896134,-0.2431,-0.2340576320446666,
D36.A{V},-0.123,-0.292750352349,-0.1585,-0.1914167841163333,
D36.A{W},-0.355,-0.820344539895,-0.2128,-0.4627148466316666,
D36.A{Y},-0.265,-0.178223722614,-0.1983,-0.2138412408713333,
N37.A{A},-0.694,0.0242307064599,-0.3549,-0.3415564311800333,
N37.A{D},0.115,0.906717013072,0.5338,0.518505671024,1.3418367346938775
N37.A{E},0.149,-0.415242223833,-0.0821,-0.116114074611,
N37.A{F},-0.881,-0.897327850824,-1.1478,-0.9753759502746666,-0.056122448979591844
N37.A{G},-0.942,0.714431250874,0.2998,0.0240770836246666,
N37.A{H},-0.84,0.210363927462,-0.5725,-0.4007120241793333,0.24625850340136055
N37.A{I},-0.104,-0.952592130801,-0.9922,-0.682930710267,4.61734693877551
N37.A{K},0.027,-0.400440611318,-0.5369,-0.3034468704393333,
N37.A{L},-0.104,-1.06673180115,-1.2177,-0.7961439337166668,-0.14489795918367346
N37.A{M},0.27,-0.983789971969,-1.0627,-0.5921633239896666,1.1088435374149659
N37.A{P},-0.272,0.542226789911,0.8388,0.369675596637,62.091836734693885
N37.A{Q},-0.497,-0.569183638209,-0.5086,-0.524927879403,0.2108843537414966
N37.A{R},0.01,-0.768146692193,-0.551,-0.4363822307309999,0.13367346938775512
N37.A{S},-0.473,0.287692083366,0.0506,-0.0449026388779999,
N37.A{T},-0.252,0.122760863077,-0.134,-0.0877463789743333,
N37.A{V},-0.272,-0.781670091384,-0.7352,-0.5962900304613333,3.56156462585034
N37.A{W},-0.752,-0.0847512091034,-1.1941,-0.6769504030344665,-0.21802721088435376
N37.A{Y},-0.513,-0.352487025394,-1.2857,-0.717062341798,0.501360544217687
G38.A{A},-0.237,0.866633349566,1.1238,0.5844777831886666,4.143877551020408
G38.A{D},-0.737,0.844196056283,1.2159,0.441032018761,
G38.A{E},-0.911,-0.0513306621723,1.3332,0.1236231126092333,
G38.A{F},-1.077,0.518407895037,0.9235,0.1216359650123333,
G38.A{H},-0.548,0.576543496114,0.9,0.3095144987046667,
G38.A{I},-0.411,0.814309176623,1.5416,0.6483030588743334,7.894897959183673
G38.A{K},-0.774,0.447481339582,1.1182,0.2638937798606667,
G38.A{L},-0.411,0.182452189446,1.0067,0.2593840631486666,
G38.A{M},-0.344,0.163265030587,1.0189,0.279388343529,
G38.A{N},-0.387,0.129046635177,0.82,0.1873488783923333,
G38.A{P},-0.321,0.0378512840993,1.9225,0.5464504280331001,
G38.A{Q},-0.711,-0.382659394841,1.1402,0.015513535053,
G38.A{R},-0.306,0.64445549563,1.1282,0.4888851652100001,3.7421768707482994
G38.A{S},-0.489,0.237271208858,1.1946,0.3142904029526667,
G38.A{T},-0.601,1.29534697027,1.5717,0.75534899009,
G38.A{V},-0.321,0.521969478848,1.4998,0.566923159616,7.673809523809524
G38.A{W},-1.232,0.634295543173,1.0567,0.1529985143909999,
G38.A{Y},-0.873,0.709428462543,1.0543,0.2969094875143333,
V39.A{A},-1.568,2.14787689722,1.1824,0.5874256324066667,
V39.A{D},-2.08,2.98481852026,2.1217,1.0088395067533331,
V39.A{E},-2.055,3.22123332168,1.7875,0.9845777738933332,
V39.A{F},-1.401,1.48467360412,0.3123,0.1319912013733333,
V39.A{G},-1.899,3.28002378514,1.9197,1.1002412617133333,
V39.A{H},-1.476,2.5886888828,1.3845,0.8323962942666667,
V39.A{I},-0.739,1.10302638753,-0.3563,0.0025754625099999,
V39.A{K},-1.319,2.81953309739,1.6825,1.0610110324633333,
V39.A{L},-0.739,1.36071170243,0.3243,0.3153372341433333,
V39.A{M},-0.766,1.07890144044,0.5559,0.2896004801466666,
V39.A{N},-1.326,3.10767644001,1.8302,1.2039588133366668,
V39.A{P},-0.983,2.7351949383,1.887,1.2130649794333332,
V39.A{Q},-1.516,2.86707293323,1.6501,1.000390977743333,
V39.A{R},-0.858,2.65945542431,1.6336,1.1450184747699998,
V39.A{S},-1.856,3.21513764168,1.717,1.0253792138933333,
V39.A{T},-1.714,2.32279993744,1.3001,0.6362999791466667,
V39.A{W},-1.612,1.97975012671,0.556,0.3079167089033333,
V39.A{Y},-1.268,1.74531185732,0.5777,0.3516706191066666,
D40.A{A},-0.306,0.702198836584,0.4073,0.2678329455279999,
D40.A{E},-0.437,-0.340221951139,0.1712,-0.2020073170463333,
D40.A{F},0.036,-0.813729951958,0.0124,-0.255109983986,
D40.A{G},-0.604,0.266840858818,0.6065,0.0897802862726667,
D40.A{H},-0.109,-0.38388476079,0.1324,-0.12016158693,
D40.A{I},0.457,-0.830195944068,0.1185,-0.0848986480226666,
D40.A{K},0.112,0.364563037098,0.565,0.3471876790326666,
D40.A{L},0.457,-0.811797615271,0.3096,-0.015065871757,
D40.A{M},0.685,-1.10486601217,0.2723,-0.0491886707233333,
D40.A{N},-0.341,0.326107716149,0.2684,0.0845025720496666,
D40.A{P},0.228,0.244373325567,0.9014,0.4579244418556666,
D40.A{Q},-0.222,-0.103290630393,0.2757,-0.0165302101309999,
D40.A{R},0.27,0.16180822898,0.5115,0.3144360763266666,
D40.A{S},-0.493,0.555081456578,0.1398,0.0672938188593333,
D40.A{T},-0.245,0.354080869759,0.0479,0.0523269565863333,
D40.A{V},0.228,-0.593934323217,0.0896,-0.0921114410723333,
D40.A{W},0.222,-0.726846152833,0.0141,-0.1635820509443333,
D40.A{Y},0.292,-0.941771366582,0.1406,-0.1697237888606666,
W43.A{A},-2.826,1.37177032228,1.9387,0.1614901074266666,
W43.A{D},-1.429,2.85940437139,2.3148,1.24840145713,
W43.A{E},-1.326,2.60662658822,2.0197,1.10010886274,
W43.A{F},-1.642,0.150791864623,0.8731,-0.2060360451256666,
W43.A{G},-3.059,2.78169328486,2.1321,0.6182644282866665,
W43.A{H},-1.534,0.684872413604,1.8699,0.3402574712013333,
W43.A{I},-1.99,0.186821788259,1.4327,-0.1234927372469999,
W43.A{K},-1.788,1.02392365284,2.3349,0.52360788428,
W43.A{L},-1.99,0.104769033,1.5193,-0.1219769889999999,
W43.A{M},-1.598,0.478382514125,1.4346,0.104994171375,
W43.A{N},-2.2,2.66858264873,2.1509,0.87316088291,
W43.A{P},-2.287,1.88022810354,1.9934,0.5288760345133333,
W43.A{Q},-2.08,1.72511803759,2.1086,0.5845726791966667,
W43.A{R},-1.394,0.140092186399,2.178,0.3080307287996667,
W43.A{S},-2.678,1.99668393781,1.753,0.35722797927,
W43.A{T},-2.526,1.8078109039,1.4925,0.2581036346333334,
W43.A{V},-2.287,0.778291928669,1.2262,-0.0941693571103333,
W43.A{Y},-1.517,0.195163122278,0.8375,-0.1614456259073333,
